<application>
  <component name="FindSettings">
    <option name="caseSensitive" value="true" />
    <option name="customScope" value="All Places" />
    <option name="defaultScopeName" value="All Places" />
    <option name="CASE_SENSITIVE_SEARCH" value="true" />
    <option name="SEARCH_SCOPE" value="All Places" />
    <mask>*.css</mask>
    <mask>*.html</mask>
    <mask>*.xml</mask>
    <mask>*.rake</mask>
    <mask>*.ru</mask>
    <mask>*.thor</mask>
    <mask>*.gemspec</mask>
    <mask>*.rbw</mask>
    <mask>*.jbuilder</mask>
    <mask>*.rb</mask>
    <mask>*.coffee</mask>
    <mask>*-spec*</mask>
    <mask>*spec*</mask>
    <mask>*index.js*</mask>
    <mask>!*spec*</mask>
    <mask>*.rb*</mask>
    <mask>*.js*</mask>
  </component>
</application>